<?xml version="1.0" encoding="UTF-8" standalone="yes"?>
<addon id="repository.kodifi" name="Kodi-Fi Repo" version="1.0.0" provider-name="FLASH993">
    <extension point="xbmc.addon.repository" name="Kodi-Fi Repo">
        <info compressed="false">https://flash993.github.io/kodi-fi-repo/repo/repository.kodifi/addons.xml</info>
        <checksum>https://flash993.github.io/kodi-fi-repo/repo/repository.kodifi/addons.xml.md5</checksum>
        <datadir zip="true">https://flash993.github.io/kodi-fi-repo/repo/repository.kodifi/zips/</datadir>
    </extension>
    <extension point="xbmc.addon.metadata">
        <summary>Installs the Kodi-Fi build via OpenWizard</summary>
        <description>A clean, fast, Real-Debrid-ready Kodi build with Arctic Horizon 2 and premium add-ons.</description>
        <disclaimer />
        <platform>all</platform>
        <assets>
            <icon>icon.png</icon>
            <fanart>fanart.jpg</fanart>
        </assets>
    </extension>
</addon>
