<?xml version="1.0" encoding="UTF-8" standalone="yes"?>
<addons>
<?xml version="1.0" encoding="UTF-8" standalone="yes"?>
<addon id="repository.openwizard" name="[COLOR limegreen][B]Open[/B][/COLOR]Wizard Repository" version="2.0" provider-name="drinfernoo">
    <extension point="xbmc.addon.repository" name="[COLOR limegreen][B]Open[/B][/COLOR]Wizard Repository">
        <dir minversion="18.0" maxversion="18.9.0">
            <info compressed="false">https://raw.githubusercontent.com/a4k-openproject/repository.openwizard/master/leia/zips/addons.xml</info>
            <checksum>https://raw.githubusercontent.com/a4k-openproject/repository.openwizard/master/leia/zips/addons.xml.md5</checksum>
            <datadir zip="true">https://raw.githubusercontent.com/a4k-openproject/repository.openwizard/master/leia/zips/</datadir>
        </dir>
        <dir minversion="18.9.0">
            <info compressed="false">https://raw.githubusercontent.com/a4k-openproject/repository.openwizard/master/matrix/zips/addons.xml</info>
            <checksum>https://raw.githubusercontent.com/a4k-openproject/repository.openwizard/master/matrix/zips/addons.xml.md5</checksum>
            <datadir zip="true">https://raw.githubusercontent.com/a4k-openproject/repository.openwizard/master/matrix/zips/</datadir>
        </dir>
    </extension>
    
    <extension point="xbmc.addon.metadata">
        <summary>[COLOR limegreen][B]Open[/B][/COLOR]Wizard</summary>
        <description>The official home of [COLOR limegreen][B]Open[/B][/COLOR]Wizard.</description>
        <disclaimer></disclaimer>
        <platform>all</platform>
        <assets>
            <icon>icon.png</icon>
            <fanart>fanart.jpg</fanart>
        </assets>
        <source>https://www.github.com/a4k-openproject/repository.openwizard/</source>
    </extension>
</addon>
</addons>