<?xml version="1.0" encoding="UTF-8" standalone="yes"?> 
<addon id="repository.kodifi" name="Kodi-Fi Repo" version="1.0.0" provider-name="FLASH993">
    <extension point="xbmc.addon.repository" name="Kodi-Fi Repo">
  <dir>
    <info compressed="false">https://raw.githubusercontent.com/flash993/kodi-fi-repo/main/repo/addons.xml</info>
    <checksum>https://raw.githubusercontent.com/flash993/kodi-fi-repo/main/repo/addons.xml.md5</checksum>
    <datadir zip="true">https://raw.githubusercontent.com/flash993/kodi-fi-repo/main/repo/</datadir>
  </dir>
</extension>
    <extension point="xbmc.addon.metadata">
        <summary>Kodi-Fi</summary>
        <description>A clean, fast, Real-Debrid-ready Kodi build with Arctic Horizon 2 and premium add-ons.</description>
        <disclaimer />
        <platform>all</platform>
        <assets>
            <icon>icon.png</icon>
            <fanart>fanart.jpg</fanart>
        </assets>
    </extension>
</addon>
