<addon id="repository.kodifi" name="Kodi-Fi Repository" version="1.0.0" provider-name="FLASH993">
    <extension point="xbmc.addon.repository" name="Kodi-Fi Repository">
        <info compressed="false">https://flash993.github.io/kodi-fi-repo/addons.xml</info>
        <checksum>https://flash993.github.io/kodi-fi-repo/addons.xml.md5</checksum>
        <datadir>https://flash993.github.io/kodi-fi-repo/zips/</datadir>
    </extension>
    <extension point="xbmc.addon.metadata">
        <summary lang="en">Kodi-Fi add-on repository</summary>
        <description lang="en">Install Kodi-Fi and related add-ons from this repository.</description>
        <platform>all</platform>
    </extension>
</addon>
