<?xml version="1.0" encoding="UTF-8" standalone="yes"?>
<addon id="repository.kodifi" name="Kodi-Fi Repo" version="1.0.0" provider-name="FLASH993">
    <extension point="xbmc.addon.repository" name="Kodi-Fi Repo">
        <info compressed="false">https://flash993.github.io/kodi-fi-repo/repo/addons.xml</info>
        <checksum>https://flash993.github.io/kodi-fi-repo/repo/addons.xml.md5</checksum>
        <!-- NO datadir, because ZIPs are hosted on Google Drive -->
    </extension>
    <extension point="xbmc.addon.metadata">
        <summary lang="en">Kodi-Fi</summary>
        <description lang="en">
            A clean, fast, Real-Debrid–ready Kodi build with Arctic Horizon 2 and premium add-ons.
        </description>
        <platform>all</platform>
        <assets>
            <icon>icon.png</icon>
            <fanart>fanart.jpg</fanart>
        </assets>
    </extension>
</addon>
