<?xml version="1.0" encoding="UTF-8" standalone="yes"?>
<addon id="repository.kodifi" name="repository.kodifi" version="1.0.0" provider-name="Caleb Braun">
    <extension point="xbmc.addon.repository" name="repository.kodifi">
        <info compressed="false">https://yourusername.github.io/your-repo/repo/addons.xml</info>
        <checksum>https://yourusername.github.io/your-repo/repo/addons.xml.md5</checksum>
        <datadir zip="true">https://yourusername.github.io/your-repo/repo/zips/</datadir>
    </extension>
    <extension point="xbmc.addon.metadata">
        <summary lang="en">Kodi-Fi Repo</summary>
        <description lang="en">Installs Kodi-Fi add-ons and builds via OpenWizard.</description>
        <platform>all</platform>
    </extension>
</addon>
